-- MySQL dump 10.13  Distrib 5.7.28, for Linux (x86_64)
--
-- Host: localhost    Database: wild-series
-- ------------------------------------------------------
-- Server version	5.7.28-0ubuntu0.18.04.4

/*!40101 SET @OLD_CHARACTER_SET_CLIENT=@@CHARACTER_SET_CLIENT */;
/*!40101 SET @OLD_CHARACTER_SET_RESULTS=@@CHARACTER_SET_RESULTS */;
/*!40101 SET @OLD_COLLATION_CONNECTION=@@COLLATION_CONNECTION */;
/*!40101 SET NAMES utf8 */;
/*!40103 SET @OLD_TIME_ZONE=@@TIME_ZONE */;
/*!40103 SET TIME_ZONE='+00:00' */;
/*!40014 SET @OLD_UNIQUE_CHECKS=@@UNIQUE_CHECKS, UNIQUE_CHECKS=0 */;
/*!40014 SET @OLD_FOREIGN_KEY_CHECKS=@@FOREIGN_KEY_CHECKS, FOREIGN_KEY_CHECKS=0 */;
/*!40101 SET @OLD_SQL_MODE=@@SQL_MODE, SQL_MODE='NO_AUTO_VALUE_ON_ZERO' */;
/*!40111 SET @OLD_SQL_NOTES=@@SQL_NOTES, SQL_NOTES=0 */;

--
-- Table structure for table `category`
--

DROP TABLE IF EXISTS `category`;
/*!40101 SET @saved_cs_client     = @@character_set_client */;
/*!40101 SET character_set_client = utf8 */;
CREATE TABLE `category` (
  `id` int(11) NOT NULL AUTO_INCREMENT,
  `name` varchar(100) COLLATE utf8mb4_unicode_ci NOT NULL,
  PRIMARY KEY (`id`)
) ENGINE=InnoDB AUTO_INCREMENT=3 DEFAULT CHARSET=utf8mb4 COLLATE=utf8mb4_unicode_ci;
/*!40101 SET character_set_client = @saved_cs_client */;

--
-- Dumping data for table `category`
--

LOCK TABLES `category` WRITE;
/*!40000 ALTER TABLE `category` DISABLE KEYS */;
INSERT INTO `category` VALUES (1,'Horreur'),(2,'Science Fiction');
/*!40000 ALTER TABLE `category` ENABLE KEYS */;
UNLOCK TABLES;

--
-- Table structure for table `episode`
--

DROP TABLE IF EXISTS `episode`;
/*!40101 SET @saved_cs_client     = @@character_set_client */;
/*!40101 SET character_set_client = utf8 */;
CREATE TABLE `episode` (
  `id` int(11) NOT NULL AUTO_INCREMENT,
  `season_id` int(11) NOT NULL,
  `title` varchar(255) COLLATE utf8mb4_unicode_ci NOT NULL,
  `number` int(11) NOT NULL,
  `synopsis` longtext COLLATE utf8mb4_unicode_ci NOT NULL,
  PRIMARY KEY (`id`),
  KEY `IDX_DDAA1CDA4EC001D1` (`season_id`),
  CONSTRAINT `FK_DDAA1CDA4EC001D1` FOREIGN KEY (`season_id`) REFERENCES `season` (`id`)
) ENGINE=InnoDB AUTO_INCREMENT=10 DEFAULT CHARSET=utf8mb4 COLLATE=utf8mb4_unicode_ci;
/*!40101 SET character_set_client = @saved_cs_client */;

--
-- Dumping data for table `episode`
--

LOCK TABLES `episode` WRITE;
/*!40000 ALTER TABLE `episode` DISABLE KEYS */;
INSERT INTO `episode` VALUES (1,1,'Where is Everybody?',1,'Mike Ferris finds himself alone in the small Oakwood town and without recollection about his name, where he is or who he is. Mike wanders through the town trying to find a living soul. The tension increases and Mike has a breakdown. '),(2,1,'One for the Angels',2,'A pitchman is visited by Death and is forced to get his priorities in order.'),(3,1,'Mr. Denton on Doomsday',3,'The town drunk in the old-west faces his past when Fate lends a hand. '),(4,2,'King Nine Will Not Return',4,'A pilot of a downed WW II bomber comes to in the African desert and desperately tries to find out what happened to the rest of his crew. '),(5,2,'The Man in the Bottle',5,'A luckless couple stumbles upon fortune when a genie materializes from a bottle in their antique shop. The genie grants them four wishes but warns them, prophetically, to be careful what you wish for.'),(6,2,'Nervous Man in a Four Dollar Room',6,'Small time criminal Jackie Rhoades must face both his past and his conscience while waiting for his next assignment. '),(7,3,'Two',7,'Two survivors of an apocalyptic battle, a man and a woman from each opposing sides, approach each other suspiciously. '),(8,3,'The Arrival',8,'Federal aviation investigator Grant Sheckly must deal with a mystery when a plane lands at an airport without pilots, passengers or luggage. '),(9,3,'The Shelter',9,'A suburban dinner party is interrupted by a bulletin warning of an impending nuclear attack. As the neighbors scramble to prepare themselves, they turn against the one family that installed a permanent bomb shelter. ');
/*!40000 ALTER TABLE `episode` ENABLE KEYS */;
UNLOCK TABLES;

--
-- Table structure for table `migration_versions`
--

DROP TABLE IF EXISTS `migration_versions`;
/*!40101 SET @saved_cs_client     = @@character_set_client */;
/*!40101 SET character_set_client = utf8 */;
CREATE TABLE `migration_versions` (
  `version` varchar(14) COLLATE utf8mb4_unicode_ci NOT NULL,
  `executed_at` datetime NOT NULL COMMENT '(DC2Type:datetime_immutable)',
  PRIMARY KEY (`version`)
) ENGINE=InnoDB DEFAULT CHARSET=utf8mb4 COLLATE=utf8mb4_unicode_ci;
/*!40101 SET character_set_client = @saved_cs_client */;

--
-- Dumping data for table `migration_versions`
--

LOCK TABLES `migration_versions` WRITE;
/*!40000 ALTER TABLE `migration_versions` DISABLE KEYS */;
INSERT INTO `migration_versions` VALUES ('20191126102649','2019-11-26 10:34:23'),('20191126105121','2019-11-26 10:51:33'),('20191126115008','2019-11-26 11:50:23'),('20191126115237','2019-11-26 11:52:49'),('20191126122828','2019-11-26 12:28:47'),('20191126124313','2019-11-26 12:43:54'),('20191202145507','2019-12-02 14:55:34'),('20191202162218','2019-12-02 16:22:30');
/*!40000 ALTER TABLE `migration_versions` ENABLE KEYS */;
UNLOCK TABLES;

--
-- Table structure for table `program`
--

DROP TABLE IF EXISTS `program`;
/*!40101 SET @saved_cs_client     = @@character_set_client */;
/*!40101 SET character_set_client = utf8 */;
CREATE TABLE `program` (
  `id` int(11) NOT NULL AUTO_INCREMENT,
  `title` varchar(255) COLLATE utf8mb4_unicode_ci NOT NULL,
  `summary` longtext COLLATE utf8mb4_unicode_ci NOT NULL,
  `poster` varchar(255) COLLATE utf8mb4_unicode_ci DEFAULT NULL,
  `category_id` int(11) NOT NULL,
  PRIMARY KEY (`id`),
  KEY `IDX_92ED778412469DE2` (`category_id`),
  CONSTRAINT `FK_92ED778412469DE2` FOREIGN KEY (`category_id`) REFERENCES `category` (`id`)
) ENGINE=InnoDB AUTO_INCREMENT=8 DEFAULT CHARSET=utf8mb4 COLLATE=utf8mb4_unicode_ci;
/*!40101 SET character_set_client = @saved_cs_client */;

--
-- Dumping data for table `program`
--

LOCK TABLES `program` WRITE;
/*!40000 ALTER TABLE `program` DISABLE KEYS */;
INSERT INTO `program` VALUES (1,'Walking Dead','Le policier Rick Grimes se réveille après un long coma. Il découvre avec effarement que le monde, ravagé par une épidémie, est envahi par les morts-vivants.','https://m.media-amazon.com/images/M/MV5BZmFlMTA0MmUtNWVmOC00ZmE1LWFmMDYtZTJhYjJhNGVjYTU5XkEyXkFqcGdeQXVyMTAzMDM4MjM0._V1_.jpg',1),(2,'The Haunting Of Hill House','Plusieurs frères et sœurs qui, enfants, ont grandi dans la demeure qui allait devenir la maison hantée la plus célèbre des États-Unis, sont contraints de se réunir pour finalement affronter les fantômes de leur passé.','https://m.media-amazon.com/images/M/MV5BMTU4NzA4MDEwNF5BMl5BanBnXkFtZTgwMTQxODYzNjM@._V1_SY1000_CR0,0,674,1000_AL_.jpg',1),(3,'American Horror Story','A chaque saison, son histoire. American Horror Story nous embarque dans des récits à la fois poignants et cauchemardesques, mêlant la peur, le gore et le politiquement correct.','https://m.media-amazon.com/images/M/MV5BODZlYzc2ODYtYmQyZS00ZTM4LTk4ZDQtMTMyZDdhMDgzZTU0XkEyXkFqcGdeQXVyMzQ2MDI5NjU@._V1_SY1000_CR0,0,666,1000_AL_.jpg',1),(4,'Love Death And Robots','Un yaourt susceptible, des soldats lycanthropes, des robots déchaînés, des monstres-poubelles, des chasseurs de primes cyborgs, des araignées extraterrestres et des démons assoiffés de sang : tout ce beau monde est réuni dans 18 courts métrages animés déconseillés aux âmes sensibles.','https://m.media-amazon.com/images/M/MV5BMTc1MjIyNDI3Nl5BMl5BanBnXkFtZTgwMjQ1OTI0NzM@._V1_SY1000_CR0,0,674,1000_AL_.jpg',1),(5,'Penny Dreadful','Dans le Londres ancien, Vanessa Ives, une jeune femme puissante aux pouvoirs hypnotiques, allie ses forces à celles de Ethan, un garçon rebelle et violent aux allures de cowboy, et de Sir Malcolm, un vieil homme riche aux ressources inépuisables. Ensemble, ils combattent un ennemi inconnu, presque invisible, qui ne semble pas humain et qui massacre la population.','https://m.media-amazon.com/images/M/MV5BNmE5MDE0ZmMtY2I5Mi00Y2RjLWJlYjMtODkxODQ5OWY1ODdkXkEyXkFqcGdeQXVyNjU2NjA5NjM@._V1_SY1000_CR0,0,695,1000_AL_.jpg',1),(6,'Fear The Walking Dead','La série se déroule au tout début de l épidémie relatée dans la série mère The Walking Dead et se passe dans la ville de Los Angeles, et non à Atlanta. Madison est conseillère dans un lycée de Los Angeles. Depuis la mort de son mari, elle élève seule ses deux enfants : Alicia, excellente élève qui découvre les premiers émois amoureux, et son grand frère Nick qui a quitté la fac et a sombré dans la drogue.','https://m.media-amazon.com/images/M/MV5BYWNmY2Y1NTgtYTExMS00NGUxLWIxYWQtMjU4MjNkZjZlZjQ3XkEyXkFqcGdeQXVyMzQ2MDI5NjU@._V1_SY1000_CR0,0,666,1000_AL_.jpg',1),(7,'The Twilight Zone','Ordinary people find themselves in extraordinarily astounding situations, which they each try to solve in a remarkable manner. ','https://m.media-amazon.com/images/M/MV5BNTAzMDI5MzgtMGNkMC00MzllLWJhNjctNjA1NmViNGUxMzYxXkEyXkFqcGdeQXVyMTQxNzMzNDI@._V1_.jpg',2);
/*!40000 ALTER TABLE `program` ENABLE KEYS */;
UNLOCK TABLES;

--
-- Table structure for table `season`
--

DROP TABLE IF EXISTS `season`;
/*!40101 SET @saved_cs_client     = @@character_set_client */;
/*!40101 SET character_set_client = utf8 */;
CREATE TABLE `season` (
  `id` int(11) NOT NULL AUTO_INCREMENT,
  `program_id` int(11) DEFAULT NULL,
  `number` int(11) NOT NULL,
  `year` int(11) NOT NULL,
  `description` longtext COLLATE utf8mb4_unicode_ci NOT NULL,
  PRIMARY KEY (`id`),
  KEY `IDX_F0E45BA93EB8070A` (`program_id`),
  CONSTRAINT `FK_F0E45BA93EB8070A` FOREIGN KEY (`program_id`) REFERENCES `program` (`id`)
) ENGINE=InnoDB AUTO_INCREMENT=4 DEFAULT CHARSET=utf8mb4 COLLATE=utf8mb4_unicode_ci;
/*!40101 SET character_set_client = @saved_cs_client */;

--
-- Dumping data for table `season`
--

LOCK TABLES `season` WRITE;
/*!40000 ALTER TABLE `season` DISABLE KEYS */;
INSERT INTO `season` VALUES (1,NULL,1,1959,'The Twilight Zone -  First Season'),(2,NULL,2,1960,'The Twilight Zone -  Second Season'),(3,NULL,3,1961,'The Twilight Zone -  Third Season');
/*!40000 ALTER TABLE `season` ENABLE KEYS */;
UNLOCK TABLES;
/*!40103 SET TIME_ZONE=@OLD_TIME_ZONE */;

/*!40101 SET SQL_MODE=@OLD_SQL_MODE */;
/*!40014 SET FOREIGN_KEY_CHECKS=@OLD_FOREIGN_KEY_CHECKS */;
/*!40014 SET UNIQUE_CHECKS=@OLD_UNIQUE_CHECKS */;
/*!40101 SET CHARACTER_SET_CLIENT=@OLD_CHARACTER_SET_CLIENT */;
/*!40101 SET CHARACTER_SET_RESULTS=@OLD_CHARACTER_SET_RESULTS */;
/*!40101 SET COLLATION_CONNECTION=@OLD_COLLATION_CONNECTION */;
/*!40111 SET SQL_NOTES=@OLD_SQL_NOTES */;

-- Dump completed on 2019-12-05 17:12:54
